<?xml version="1.0" encoding="UTF-8"?>

<channel name="xsettings" version="1.0">
  <property name="Net" type="empty">
    <property name="ThemeName" type="string" value="Arc"/>
    <property name="IconThemeName" type="string" value="Faenza-Dark"/>
    <property name="DoubleClickTime" type="empty"/>
    <property name="DoubleClickDistance" type="empty"/>
    <property name="DndDragThreshold" type="empty"/>
    <property name="CursorBlink" type="empty"/>
    <property name="CursorBlinkTime" type="empty"/>
    <property name="SoundThemeName" type="empty"/>
    <property name="EnableEventSounds" type="bool" value="true"/>
    <property name="EnableInputFeedbackSounds" type="bool" value="true"/>
  </property>
  <property name="Xft" type="empty">
    <property name="DPI" type="int" value="96"/>
    <property name="Antialias" type="int" value="1"/>
    <property name="Hinting" type="empty"/>
    <property name="HintStyle" type="string" value="hintfull"/>
    <property name="RGBA" type="empty"/>
  </property>
  <property name="Gtk" type="empty">
    <property name="CanChangeAccels" type="empty"/>
    <property name="ColorPalette" type="empty"/>
    <property name="FontName" type="string" value="Droid Sans 10"/>
    <property name="IconSizes" type="empty"/>
    <property name="KeyThemeName" type="empty"/>
    <property name="ToolbarStyle" type="empty"/>
    <property name="ToolbarIconSize" type="empty"/>
    <property name="MenuImages" type="empty"/>
    <property name="ButtonImages" type="empty"/>
    <property name="MenuBarAccel" type="empty"/>
    <property name="CursorThemeName" type="string" value="DMZ-Black"/>
    <property name="CursorThemeSize" type="empty"/>
    <property name="DecorationLayout" type="string" value=":minimize,maximize,close"/>
  </property>
  <property name="Xfce" type="empty">
    <property name="LastCustomDPI" type="int" value="96"/>
  </property>
</channel>
