{"schema":5,"addons":[{"id":"{8a01dfcc-450f-11e5-909b-fb581d5d46b0}","icons":{"32":"https://addons.cdn.mozilla.net/static/img/icons/default-theme.png","64":"https://addons.cdn.mozilla.net/static/img/icons/default-theme.png"},"name":"Arc Darker Theme","type":"theme","version":"52.20170311","repositoryStatus":4,"creator":{"name":"horst3180","url":"https://addons.mozilla.org/en-US/firefox/user/horst3180/?src=api"},"description":"Arc Darker Theme for Firefox","fullDescription":"Official Arc Darker Theme for Firefox. More details on GitHub: https://github.com/horst3180/arc-firefox-theme","isPlatformCompatible":true,"eula":null,"screenshots":[{"url":"https://addons.cdn.mozilla.net/user-media/previews/full/165/165338.png?src=api&modified=1442847687","width":"700","height":"120","thumbnailURL":"https://addons.cdn.mozilla.net/user-media/previews/thumbs/165/165338.png?src=api&modified=1442847687","thumbnailWidth":"200","thumbnailHeight":"34"}],"averageRating":5,"learnmoreURL":"https://addons.mozilla.org/en-US/firefox/addon/arc-darker-theme/?src=api","homepageURL":"https://github.com/horst3180/arc-firefox-theme","sourceURI":"https://addons.mozilla.org/firefox/downloads/file/607620/arc_darker_theme-52.20170311-fx-linux.xpi?src=api","size":1520309,"developerComments":null,"reviewURL":"https://addons.mozilla.org/en-US/firefox/addon/arc-darker-theme/reviews/?src=api","reviewCount":18,"totalDownloads":56736,"weeklyDownloads":893,"dailyUsers":12620,"updateDate":1489250050000,"supportURL":"https://github.com/horst3180/arc-firefox-theme/issues"},{"id":"{03cb16aa-4675-11e5-b233-213b1d5d46b0}","icons":{"32":"https://addons.cdn.mozilla.net/static/img/icons/default-theme.png","64":"https://addons.cdn.mozilla.net/static/img/icons/default-theme.png"},"name":"Arc Dark Theme","type":"theme","version":"52.20170311","repositoryStatus":4,"creator":{"name":"horst3180","url":"https://addons.mozilla.org/en-US/firefox/user/horst3180/?src=api"},"description":"Arc Dark Theme for Firefox","fullDescription":"Official Arc Dark Theme for Firefox. More details on GitHub: https://github.com/horst3180/arc-firefox-theme","isPlatformCompatible":true,"eula":null,"screenshots":[{"url":"https://addons.cdn.mozilla.net/user-media/previews/full/165/165340.png?src=api&modified=1442847986","width":"700","height":"120","thumbnailURL":"https://addons.cdn.mozilla.net/user-media/previews/thumbs/165/165340.png?src=api&modified=1442847986","thumbnailWidth":"200","thumbnailHeight":"34"}],"averageRating":4,"learnmoreURL":"https://addons.mozilla.org/en-US/firefox/addon/arc-dark-theme/?src=api","homepageURL":"https://addons.mozilla.org/en-US/firefox/addon/arc-dark-theme/?src=api","sourceURI":"https://addons.mozilla.org/firefox/downloads/file/607621/arc_dark_theme-52.20170311-fx-linux.xpi?src=api","size":1520272,"developerComments":null,"reviewURL":"https://addons.mozilla.org/en-US/firefox/addon/arc-dark-theme/reviews/?src=api","reviewCount":21,"totalDownloads":80277,"weeklyDownloads":1264,"dailyUsers":14832,"updateDate":1489250085000,"supportURL":null},{"id":"{52c2877e-44e1-11e5-8874-a62d1d5d46B0}","icons":{"32":"https://addons.cdn.mozilla.net/static/img/icons/default-theme.png","64":"https://addons.cdn.mozilla.net/static/img/icons/default-theme.png"},"name":"Arc Theme","type":"theme","version":"52.20170311","repositoryStatus":4,"creator":{"name":"horst3180","url":"https://addons.mozilla.org/en-US/firefox/user/horst3180/?src=api"},"description":"Arc Theme for Firefox","fullDescription":"Official Arc Theme for Firefox. More details on GitHub: https://github.com/horst3180/arc-firefox-theme","isPlatformCompatible":true,"eula":null,"screenshots":[{"url":"https://addons.cdn.mozilla.net/user-media/previews/full/165/165336.png?src=api&modified=1442847223","width":"700","height":"120","thumbnailURL":"https://addons.cdn.mozilla.net/user-media/previews/thumbs/165/165336.png?src=api&modified=1442847223","thumbnailWidth":"200","thumbnailHeight":"34"}],"averageRating":5,"learnmoreURL":"https://addons.mozilla.org/en-US/firefox/addon/arc-theme/?src=api","homepageURL":"https://github.com/horst3180/arc-firefox-theme/","sourceURI":"https://addons.mozilla.org/firefox/downloads/file/607619/arc_theme-52.20170311-fx-linux.xpi?src=api","size":1520260,"developerComments":null,"reviewURL":"https://addons.mozilla.org/en-US/firefox/addon/arc-theme/reviews/?src=api","reviewCount":11,"totalDownloads":74186,"weeklyDownloads":1097,"dailyUsers":14537,"updateDate":1489250011000,"supportURL":"https://github.com/horst3180/arc-firefox-theme/issues"}]}