{"schemaVersion":19,"addons":[{"id":"ubufox@ubuntu.com","syncGUID":"0dtsWurLcMP4","location":"app-system-share","version":"3.2","type":"extension","internalName":null,"updateURL":null,"updateKey":null,"optionsURL":null,"optionsType":null,"aboutURL":null,"icons":{},"iconURL":"chrome://ubufox/content/ubuntulogo32.png","icon64URL":null,"defaultLocale":{"name":"Ubuntu Modifications","description":"Ubuntu modifications for Firefox","creator":"Canonical Ltd.","homepageURL":null,"contributors":["Alexander Sack <asac@ubuntu.com>","Sasa Bodiroza <jazzva@gmail.com>","Daniel Abramov <ex@vingrad.ru>","Arzhel Younsi <xionox@gmail.com>","Saïvann Carignan <oxmosys@gmail.com>","Chris Coulson <chris.coulson@canonical.com>"]},"visible":true,"active":true,"userDisabled":false,"appDisabled":false,"descriptor":"/usr/share/mozilla/extensions/{ec8030f7-c20a-464f-9b0e-13a3a9e97384}/ubufox@ubuntu.com.xpi","installDate":1442597402000,"updateDate":1442597402000,"applyBackgroundUpdates":1,"bootstrap":false,"skinnable":false,"size":129860,"sourceURI":null,"releaseNotesURI":null,"softDisabled":false,"foreignInstall":true,"hasBinaryComponents":false,"strictCompatibility":false,"locales":[{"locales":["af"],"name":"Ubuntu Modifications","description":"Ubuntu Firefox Pak","creator":"Canonical Ltd.","homepageURL":null},{"locales":["ar"],"name":"Ubuntu Modifications","description":"حزمة فايرفوكس من أوبونتو.","creator":"Canonical Ltd.","homepageURL":null},{"locales":["bg"],"name":"Ubuntu Modifications","description":"Ubuntu Firefox Pack.","creator":"Canonical Ltd.","homepageURL":null},{"locales":["ca"],"name":"Ubuntu Modifications","description":"Paquet del Firefox de l'Ubuntu.","creator":"Canonical Ltd.","homepageURL":null},{"locales":["cs"],"name":"Ubuntu Modifications","description":"Ubuntu rozšíření pro Firefox.","creator":"Canonical Ltd.","homepageURL":null},{"locales":["de"],"name":"Ubuntu Modifications","description":"Ubuntu Firefox Paket.","creator":"Canonical Ltd.","homepageURL":null},{"locales":["el"],"name":"Ubuntu Modifications","description":"Πακέτο του Ubuntu για το Firefox.","creator":"Canonical Ltd.","homepageURL":null},{"locales":["es"],"name":"Ubuntu Modifications","description":"Paquete de Ubuntu para Firefox.","creator":"Canonical Ltd.","homepageURL":null},{"locales":["eu"],"name":"Ubuntu Modifications","description":"Ubuntu Firefox Pack.","creator":"Canonical Ltd.","homepageURL":null},{"locales":["fi"],"name":"Ubuntu Modifications","description":"Ubuntun Firefox-paketti","creator":"Canonical Ltd.","homepageURL":null},{"locales":["fr"],"name":"Ubuntu Modifications","description":"Paquet Firefox Pour Ubuntu.","creator":"Canonical Ltd.","homepageURL":null},{"locales":["gl"],"name":"Ubuntu Modifications","description":"Paquete de Ubuntu para Firefox.","creator":"Canonical Ltd.","homepageURL":null},{"locales":["hu"],"name":"Ubuntu Modifications","description":"Ubuntu Firefox csomag","creator":"Canonical Ltd.","homepageURL":null},{"locales":["it"],"name":"Ubuntu Modifications","description":"Pacchetto Firefox Ubuntu.","creator":"Canonical Ltd.","homepageURL":null},{"locales":["ja"],"name":"Ubuntu Modifications","description":"Ubuntu Firefoxパック。","creator":"Canonical Ltd.","homepageURL":null},{"locales":["lt"],"name":"Ubuntu Modifications","description":"Ubuntu Firefox paketas","creator":"Canonical Ltd.","homepageURL":null},{"locales":["nl"],"name":"Ubuntu Modifications","description":"Ubuntu Firefox-pakket.","creator":"Canonical Ltd.","homepageURL":null},{"locales":["pl"],"name":"Ubuntu Modifications","description":"Pakiet Ubuntu Firefox.","creator":"Canonical Ltd.","homepageURL":null},{"locales":["pt-BR"],"name":"Ubuntu Modifications","description":"Pacote para o Firefox do Ubuntu","creator":"Canonical Ltd.","homepageURL":null},{"locales":["pt-PT"],"name":"Ubuntu Modifications","description":"Pacote Ubuntu Firefox","creator":"Canonical Ltd.","homepageURL":null},{"locales":["ro"],"name":"Ubuntu Modifications","description":"Pachetul Ubuntu Firefox.","creator":"Canonical Ltd.","homepageURL":null},{"locales":["ru"],"name":"Ubuntu Modifications","description":"Расширения Firefox для Ubuntu","creator":"Canonical Ltd.","homepageURL":null},{"locales":["sl"],"name":"Ubuntu Modifications","description":"Ubuntu razširitve za Firefox.","creator":"Canonical Ltd.","homepageURL":null},{"locales":["sv-SE"],"name":"Ubuntu Modifications","description":"Ubuntu-paket för Firefox.","creator":"Canonical Ltd.","homepageURL":null},{"locales":["uk"],"name":"Ubuntu Modifications","description":"Убунтівські доповнення до Firefox.","creator":"Canonical Ltd.","homepageURL":null},{"locales":["zh-CN"],"name":"Ubuntu Modifications","description":"Ubuntu 火狐扩展包.","creator":"Canonical Ltd.","homepageURL":null},{"locales":["zh-TW"],"name":"Ubuntu Modifications","description":"Ubuntu Firefox 擴充包。","creator":"Canonical Ltd.","homepageURL":null}],"targetApplications":[{"id":"{ec8030f7-c20a-464f-9b0e-13a3a9e97384}","minVersion":"9.0","maxVersion":"37.0a1"}],"targetPlatforms":[],"multiprocessCompatible":false,"signedState":2,"seen":true,"dependencies":[],"hasEmbeddedWebExtension":false,"mpcOptedOut":false},{"id":"{52c2877e-44e1-11e5-8874-a62d1d5d46B0}","syncGUID":"gRbTkSIaWCmD","location":"app-profile","version":"52.20170311","type":"theme","internalName":"arc-theme","updateURL":null,"updateKey":null,"optionsURL":null,"optionsType":null,"aboutURL":null,"icons":{},"iconURL":null,"icon64URL":null,"defaultLocale":{"name":"Arc Theme","description":"Arc Theme for Firefox","creator":"horst3180","homepageURL":null},"visible":true,"active":true,"userDisabled":false,"appDisabled":false,"descriptor":"/etc/skel/.mozilla/firefox/ntrc3s4e.default/extensions/{52c2877e-44e1-11e5-8874-a62d1d5d46B0}.xpi","installDate":1462951521000,"updateDate":1490070474000,"applyBackgroundUpdates":"2","skinnable":false,"size":2565915,"sourceURI":"https://addons.cdn.mozilla.net/user-media/addons/656096/arc_theme-52.20170311-fx-linux.xpi?filehash=sha256%3A603cdd876c435e9c0b721cfd64c4a1d971fe1650d6430c26e5b3178002a1369d","releaseNotesURI":"https://addons.mozilla.org/versions/updateInfo/2056287/en-US/","softDisabled":false,"foreignInstall":false,"hasBinaryComponents":false,"strictCompatibility":true,"locales":[],"targetApplications":[{"id":"{ec8030f7-c20a-464f-9b0e-13a3a9e97384}","minVersion":"52.0","maxVersion":"55.0"}],"targetPlatforms":[{"os":"Linux","abi":null},{"os":"OpenBSD","abi":null},{"os":"FreeBSD","abi":null},{"os":"NetBSD","abi":null}],"seen":true,"dependencies":[],"hasEmbeddedWebExtension":false},{"id":"{8a01dfcc-450f-11e5-909b-fb581d5d46b0}","syncGUID":"p5pXjyEn3rGc","location":"app-profile","version":"52.20170311","type":"theme","internalName":"arc-darker-theme","updateURL":null,"updateKey":null,"optionsURL":null,"optionsType":null,"aboutURL":null,"icons":{},"iconURL":null,"icon64URL":null,"defaultLocale":{"name":"Arc Darker Theme","description":"Arc Darker Theme for Firefox","creator":"horst3180","homepageURL":null},"visible":true,"active":false,"userDisabled":true,"appDisabled":false,"descriptor":"/etc/skel/.mozilla/firefox/ntrc3s4e.default/extensions/{8a01dfcc-450f-11e5-909b-fb581d5d46b0}.xpi","installDate":1462951641000,"updateDate":1490070474000,"applyBackgroundUpdates":"2","skinnable":false,"size":2565970,"sourceURI":"https://addons.cdn.mozilla.net/user-media/addons/656098/arc_darker_theme-52.20170311-fx-linux.xpi?filehash=sha256%3A741fbd7d53065c97ce1832d50db102236b5b1c0d4329000cba41d74a8f45aab6","releaseNotesURI":"https://addons.mozilla.org/versions/updateInfo/2056288/en-US/","softDisabled":false,"foreignInstall":false,"hasBinaryComponents":false,"strictCompatibility":true,"locales":[],"targetApplications":[{"id":"{ec8030f7-c20a-464f-9b0e-13a3a9e97384}","minVersion":"52.0","maxVersion":"55.0"}],"targetPlatforms":[{"os":"Linux","abi":null},{"os":"OpenBSD","abi":null},{"os":"FreeBSD","abi":null},{"os":"NetBSD","abi":null}],"seen":true,"dependencies":[],"hasEmbeddedWebExtension":false},{"id":"{03cb16aa-4675-11e5-b233-213b1d5d46b0}","syncGUID":"DrLtKmVp_Upm","location":"app-profile","version":"52.20170311","type":"theme","internalName":"arc-dark-theme","updateURL":null,"updateKey":null,"optionsURL":null,"optionsType":null,"aboutURL":null,"icons":{},"iconURL":null,"icon64URL":null,"defaultLocale":{"name":"Arc Dark Theme","description":"Arc Dark Theme for Firefox","creator":"horst3180","homepageURL":null},"visible":true,"active":false,"userDisabled":true,"appDisabled":false,"descriptor":"/etc/skel/.mozilla/firefox/ntrc3s4e.default/extensions/{03cb16aa-4675-11e5-b233-213b1d5d46b0}.xpi","installDate":1462951591000,"updateDate":1490070474000,"applyBackgroundUpdates":"2","skinnable":false,"size":2566005,"sourceURI":"https://addons.cdn.mozilla.net/user-media/addons/656100/arc_dark_theme-52.20170311-fx-linux.xpi?filehash=sha256%3Adc4bf74699008b20720bcebf040549591cedf524da7e7a82b9c234472cf2366a","releaseNotesURI":"https://addons.mozilla.org/versions/updateInfo/2056289/en-US/","softDisabled":false,"foreignInstall":false,"hasBinaryComponents":false,"strictCompatibility":true,"locales":[],"targetApplications":[{"id":"{ec8030f7-c20a-464f-9b0e-13a3a9e97384}","minVersion":"52.0","maxVersion":"55.0"}],"targetPlatforms":[{"os":"Linux","abi":null},{"os":"OpenBSD","abi":null},{"os":"FreeBSD","abi":null},{"os":"NetBSD","abi":null}],"seen":true,"dependencies":[],"hasEmbeddedWebExtension":false},{"id":"firefox@getpocket.com","syncGUID":"PGypifoF9iz_","location":"app-system-defaults","version":"1.0.5","type":"extension","internalName":null,"updateURL":null,"updateKey":null,"optionsURL":null,"optionsType":null,"aboutURL":null,"icons":{},"iconURL":null,"icon64URL":null,"defaultLocale":{"name":"Pocket","description":"When you find something you want to view later, put it in Pocket.","creator":null,"homepageURL":null},"visible":true,"active":true,"userDisabled":false,"appDisabled":false,"descriptor":"/usr/lib/firefox/browser/features/firefox@getpocket.com.xpi","installDate":1461587767000,"updateDate":1489796270000,"applyBackgroundUpdates":1,"bootstrap":true,"skinnable":false,"size":920281,"sourceURI":null,"releaseNotesURI":null,"softDisabled":false,"foreignInstall":false,"hasBinaryComponents":false,"strictCompatibility":false,"locales":[],"targetApplications":[{"id":"{ec8030f7-c20a-464f-9b0e-13a3a9e97384}","minVersion":"52.0.1","maxVersion":"52.*"}],"targetPlatforms":[],"multiprocessCompatible":true,"seen":true,"dependencies":[],"hasEmbeddedWebExtension":false,"mpcOptedOut":false},{"id":"e10srollout@mozilla.org","syncGUID":"saGrxW6E1XK8","location":"app-system-defaults","version":"1.9","type":"extension","internalName":null,"updateURL":null,"updateKey":null,"optionsURL":null,"optionsType":null,"aboutURL":null,"icons":{},"iconURL":null,"icon64URL":null,"defaultLocale":{"name":"Multi-process staged rollout","description":"Staged rollout of Firefox multi-process feature.","creator":null,"homepageURL":null},"visible":true,"active":true,"userDisabled":false,"appDisabled":false,"descriptor":"/usr/lib/firefox/browser/features/e10srollout@mozilla.org.xpi","installDate":1461587766000,"updateDate":1489796270000,"applyBackgroundUpdates":1,"bootstrap":true,"skinnable":false,"size":7183,"sourceURI":null,"releaseNotesURI":null,"softDisabled":false,"foreignInstall":false,"hasBinaryComponents":false,"strictCompatibility":false,"locales":[],"targetApplications":[{"id":"{ec8030f7-c20a-464f-9b0e-13a3a9e97384}","minVersion":"52.0.1","maxVersion":"52.*"}],"targetPlatforms":[],"multiprocessCompatible":true,"seen":true,"dependencies":[],"hasEmbeddedWebExtension":false,"mpcOptedOut":false},{"id":"webcompat@mozilla.org","syncGUID":"QA4tl329WClf","location":"app-system-defaults","version":"1.0","type":"extension","internalName":null,"updateURL":null,"updateKey":null,"optionsURL":null,"optionsType":null,"aboutURL":null,"icons":{},"iconURL":null,"icon64URL":null,"defaultLocale":{"name":"Web Compat","description":"Urgent post-release fixes for web compatibility.","creator":null,"homepageURL":null},"visible":true,"active":true,"userDisabled":false,"appDisabled":false,"descriptor":"/usr/lib/firefox/browser/features/webcompat@mozilla.org.xpi","installDate":1474361173000,"updateDate":1489796270000,"applyBackgroundUpdates":1,"bootstrap":true,"skinnable":false,"size":1456,"sourceURI":null,"releaseNotesURI":null,"softDisabled":false,"foreignInstall":false,"hasBinaryComponents":false,"strictCompatibility":false,"locales":[],"targetApplications":[{"id":"{ec8030f7-c20a-464f-9b0e-13a3a9e97384}","minVersion":"52.0.1","maxVersion":"52.*"}],"targetPlatforms":[],"multiprocessCompatible":true,"seen":true,"dependencies":[],"hasEmbeddedWebExtension":false,"mpcOptedOut":false},{"id":"aushelper@mozilla.org","syncGUID":"{f694d7cf-0e8a-47ed-beee-109f82106472}","location":"app-system-defaults","version":"2.0","type":"extension","internalName":null,"updateURL":null,"updateKey":null,"optionsURL":null,"optionsType":null,"aboutURL":null,"icons":{},"iconURL":null,"icon64URL":null,"defaultLocale":{"name":"Application Update Service Helper","description":"Sets value(s) in the update url based on custom checks.","creator":null,"homepageURL":null},"visible":true,"active":true,"userDisabled":false,"appDisabled":false,"descriptor":"/usr/lib/firefox/browser/features/aushelper@mozilla.org.xpi","installDate":1488507822000,"updateDate":1489796270000,"applyBackgroundUpdates":1,"bootstrap":true,"skinnable":false,"size":8488,"sourceURI":null,"releaseNotesURI":null,"softDisabled":false,"foreignInstall":false,"hasBinaryComponents":false,"strictCompatibility":false,"locales":[],"targetApplications":[{"id":"{ec8030f7-c20a-464f-9b0e-13a3a9e97384}","minVersion":"52.0.1","maxVersion":"52.*"}],"targetPlatforms":[],"multiprocessCompatible":true,"seen":true,"dependencies":[],"hasEmbeddedWebExtension":false,"mpcOptedOut":false},{"id":"{972ce4c6-7e08-4474-a285-3208198ce6fd}","syncGUID":"Tdq9R0Syu3Cg","location":"app-global","version":"52.0.1","type":"theme","internalName":"classic/1.0","updateURL":null,"updateKey":null,"optionsURL":null,"optionsType":null,"aboutURL":null,"icons":{"32":"icon.png","48":"icon.png"},"iconURL":null,"icon64URL":null,"defaultLocale":{"name":"Default","description":"The default theme.","creator":"Mozilla","homepageURL":null,"contributors":["Mozilla Contributors"]},"visible":true,"active":false,"userDisabled":true,"appDisabled":false,"descriptor":"/usr/lib/firefox/browser/extensions/{972ce4c6-7e08-4474-a285-3208198ce6fd}.xpi","installDate":1461587766000,"updateDate":1489796270000,"applyBackgroundUpdates":1,"skinnable":true,"size":4932,"sourceURI":null,"releaseNotesURI":null,"softDisabled":false,"foreignInstall":false,"hasBinaryComponents":false,"strictCompatibility":true,"locales":[],"targetApplications":[{"id":"{ec8030f7-c20a-464f-9b0e-13a3a9e97384}","minVersion":"52.0.1","maxVersion":"52.0.1"}],"targetPlatforms":[],"seen":true,"dependencies":[],"hasEmbeddedWebExtension":false}]}